datum;event_name;venue
2022-01-10;The Dead Class - A Musical (!) by Wanunu &...;wuk
2022-01-11;The Dead Class - A Musical (!) by Wanunu &...;wuk
2022-01-12;The Dead Class - A Musical (!) by Wanunu &...;wuk
2022-01-13;The Dead Class - A Musical (!) by Wanunu &...;wuk
2022-01-14;The Dead Class - A Musical (!) by Wanunu &...;wuk
2022-01-14;Areal, Filip, Malfatti;alte schmiede
2022-01-15;The Dead Class - A Musical (!) by Wanunu &...;wuk
2022-01-15;Anna Koch: BASSticcio;echoraum
2022-01-16;The Dead Class - A Musical (!) by Wanunu &...;wuk
2022-01-18;Vernissage Anat Stainberg: An everlasting ...;echoraum
2022-01-19;19h30 derbloededrittemittwoch#114;ateliertheater
2022-01-19;Weiping Lin Solo;bezirksmuseum leopoldstadt
2022-01-21;punctum collective: All that matters;echoraum
2022-01-25;20h studio session #0;westbahnstudios
2022-01-26;XX Y X: Rdeča Raketa + Patrick K-H;echoraum
2022-01-28;Fluctuations & Josef Ka;echoraum
2022-01-28;on the couch #66 - Berndt Thurner;studio eberhard
2022-01-30;19h Plateau Partagee #2: Lost & Found;echoraeume
2022-01-31;20h Plateau Partagee #2: Lost & Found;echoraeume
2022-02-02;räume für notizen // nach ulysses;echoraeume
2022-02-02;Finissage Anat Stainberg: An everlasting p...;echoraum
2022-02-02;on the couch #67 - Trio Affogato;studio eberhard
2022-02-03;[broadcast] zeitton - noche de los muertos...;radio oe1
2022-02-04;räume für notizen // nach ulysses;echoraeume
2022-02-05;Die Vitaminlüge /  Radio Hörspiel;radio oe1
2022-02-10;[broadcast] zeitton - noche de los muertos...;radio oe1
2022-02-11;[hammer im staub] berkson/bruckmayr/fuchs/...;alte schmiede
2022-03-01;20h Studio Session #1;westbahnstudios
2022-03-09;zimt / CD presentation;alte schmiede
2022-03-10;Auf der Welle von Frau Stöhr. Fiktives H�...;alte schmiede
2022-03-11;Der Reif der Nebellungen;echoraum
2022-03-12;reif der nebellungen;echoraeume
2022-03-14;monday improvisers session;celeste
2022-03-16;10 jahre bloeder 3. mittwoch;replugged
2022-03-16;"""Da war ich nicht mehr da"" v.L.Plöchl, Mu...";theater am werk / petersplatz
2022-03-18;"""Da war ich nicht mehr da"" v.L.Plöchl, Mu...";theater am werk / petersplatz
2022-03-21;monday improvisers session;celeste
2022-03-24;Quehenberger - Kern / Uz Jsme Doma / Fil OK;replugged
2022-03-25;Ingrid Schmoliner, Bernhard Breuer und Eli...;echoraum
2022-03-27;Duo Claussen / Klement;st. ruprecht (neue musik in)
2022-03-27;KNH-Sonntagskind23: Alex Miksch + Band;echoraeume fs2
2022-03-28;Klara Lewis, Fru Fru (Maja Osojnik & Angé...;rhiz
2022-03-28;monday improvisers session;celeste
2022-03-31;20h Studio Session #2;westbahnstudios
2022-04-01;FÄNGE · simulacrumbs modulated;echoraum
2022-04-04;monday improvisers session;celeste
2022-04-07;fmf presents: M. Thieke & H. Göregen / DJ...;celeste
2022-04-11;monday improvisers session;celeste
2022-04-18;monday improvisers session;celeste
2022-04-21;free music forum: Jasna Jovićević & An...;celeste
2022-04-22;on the couch #66 - Eberhard/Gross/Owczarek;studio eberhard
2022-04-23;KNH-Shorts 8: Astrid Rothaug;echoraeume fs2
2022-04-24;Antonietta Loffredo - Toy Piano;st. ruprecht (neue musik in)
2022-04-24;KNH-Sonntagskind24: Gruber;echoraeume fs2
2022-04-25;monday improvisers session;celeste
2022-04-25;KNH-Darkroom9 // 9pm;echoraeume fs2
2022-04-26;KNH-Stories5;echoraeume fs2
2022-04-29;Tiziana Bertoncini, Jakob Gnigler, Soizic ...;alte schmiede
2022-04-30;stefan geissler trio;flucc
2022-04-30;20:20h salongarnison7: Judith Unterpertinger;echoraum
2022-04-30;JSB Trio;sargfabrik
2022-05-01;AiR - Artists in Residence | Duo Ar;st. ruprecht (neue musik in)
2022-05-02;monday improvisers session;celeste
2022-05-03;XX Y X: soundsongnoisesilence;echoraum
2022-05-05;free music forum: obdo - Frédéric Blondy...;celeste
2022-05-06;Katharina Klement, solo - Spiegel (2021) K...;salon garnison
2022-05-09;monday improvisers session;celeste
2022-05-10;SUENA FESTIVAL;instituto cervantes
2022-05-11;SUENA FESTIVAL;instituto cervantes
2022-05-12;Rhys Chatham with David Fenech, Martin Sie...;replugged
2022-05-12;SUENA FESTIVAL;instituto cervantes
2022-05-13;VELAK Gala #119;ateliertheater
2022-05-13;das kleine symposion 2022 - stoff - 1;echoraum
2022-05-13;on the couch #68 - Eberhard & Zalech;studio eberhard
2022-05-14;das kleine symposion 2022 - stoff - 2;echoraum
2022-05-16;monday improvisers session;celeste
2022-05-17;Ka Baird;rhiz
2022-05-17;Flamingo · Antonia Sophia Manhartsberger;echoraum
2022-05-18;19h!! DerBloedeDritteMittwoch#118;ateliertheater
2022-05-18;Fingerstyle guitar: Gwenifer Raymond (UK) ...;celeste
2022-05-19;free music forum: Harnik & Gasser & Trilla;celeste
2022-05-19;Xenakis 2022: Back to the Roots;klangtheater
2022-05-19;20h Ingrid Schmoliner, solo - MNEEM (2021)...;salon garnison
2022-05-20;DDK-Trio;echoraum
2022-05-20;Xenakis 2022: Back to the Roots;klangtheater
2022-05-20;on the couch #69 - Rina Kaçinari/Jörg Mi...;studio eberhard
2022-05-21;22jahre.klingt.org;flucc
2022-05-21;das kleine symposion 2022 - stoff - 3;echoraum
2022-05-21;Xenakis 2022: Back to the Roots;klangtheater
2022-05-22;Stump-Linshalm - contemplari;st. ruprecht (neue musik in)
2022-05-23;lyrik im mai;echoraeume
2022-05-23;monday improvisers session;celeste
2022-05-26;noism matters;echoraum
2022-05-28;20.00 Studio Session #3;westbahnstudios
2022-05-29;KNH-Sonntagskind25: Sigrid Horn, Clemens S...;echoraeume fs2
2022-05-30;monday improvisers session;celeste
2022-05-30;moozak multichannel series #01 / elak conc...;klangtheater
2022-06-01;synklavia / tuning voices;alte schmiede
2022-06-02;Modulometer;echoraum
2022-06-03;Nachhall#2: Musik und ihre Instrumente in ...;echoraum
2022-06-06;monday improvisers session;celeste
2022-06-09;free music forum: Mariá Portugal & Angeli...;celeste
2022-06-10;poème électronique#38;echoraum
2022-06-10;on the couch #70 - Wolfgang Mitterer/Alexa...;studio eberhard
2022-06-10;LISA SPALT / SABINE MARTE / OLIVER STOTZ;alte schmiede
2022-06-11;Duo Hofmaninger/Schwarz;echoraum
2022-06-11;VELAK Gala #120;klangtheater
2022-06-12;Wolfgang Seierl & Claudia Pettrich - d´ u...;st. ruprecht (neue musik in)
2022-06-13;monday improvisers session;celeste
2022-06-15;18h30!! DerBloedeDritteMittwoch#119;ateliertheater
2022-06-15;poème électronique#39;echoraum
2022-06-15;Pneuma 'Intangible' Album Release;westbahnstudios
2022-06-17;schnitzel '21, live: greta christensen & d...;echoraum
2022-06-18;KNH-Shorts9;echoraeume fs2
2022-06-18;KINKY MUPPET @ VEKKS;vekks
2022-06-19;KNH-Sonntagskind26: Bondi Fern, Zelda;echoraeume fs2
2022-06-20;KNH-Darkroom10 // 9pm;echoraeume fs2
2022-06-20;monday improvisers session;celeste
2022-06-21;xx y x - billy roisz & karolina preuschl;echoraum
2022-06-21;KNH-Stories 6;echoraeume fs2
2022-06-23;free music forum: Joe Mc Phee & John Edwards;celeste
2022-06-25;Hörraum #5;echoraum
2022-06-27;monday improvisers session;celeste
2022-06-28;20h studio session #4;westbahnstudios
2022-07-04;monday improvisers session;celeste
2022-07-11;monday improvisers session;celeste
2022-07-18;monday improvisers session;celeste
2022-09-05;monday improvisers session;celeste
2022-09-08;free music forum: Charles & Gauguet & Mala...;celeste
2022-09-09;Klangmanifeste @ echoraum;echoraum
2022-09-10;Klangmanifeste @ echoraum CLONE;echoraum
2022-09-12;monday improvisers session;celeste
2022-09-14;Vitalʹnya Vienna;flucc
2022-09-15;Les Marquises · Stefan Fraunberger;echoraum
2022-09-16;13h ZONK!?!! by Studio Dan - Bauckholt;allerheiligenpark
2022-09-18;11h ZONK!?!! by Studio Dan - Fuss/Eastman/...;allerheiligenpark
2022-09-19;monday improvisers session;celeste
2022-09-21;19h30! DerBloedeDritteMittwoch#120;ateliertheater
2022-09-22;free music forum: Die Hochstapler;celeste
2022-09-22;shut up and listen! 2022: AMONG OTHERS (Ta...;echoraum
2022-09-23;shut up and listen! 2022: AMONG OTHERS (Ta...;echoraum
2022-09-24;shut up and listen! 2022: AMONG OTHERS (Ta...;echoraum
2022-09-25;the elks @ neue musik st.ruprecht;st. ruprecht (neue musik in)
2022-09-25;KNH-Sonntagskind #27: Storm Lily;echoraeume fs2
2022-09-26;monday improvisers session;celeste
2022-09-27;Zimt (extended);reaktor
2022-09-27;Vernissage: HALL (Benjamin Tomasi & Samuel...;echoraum
2022-09-28;Disquiet;echoraum
2022-09-30;Guitar concert by Šimanský und Niesner (...;vekks
2022-10-01;on the couch #71 - Trio EIS;studio eberhard
2022-10-01;red rooms / crowd founding;echoraeume
2022-10-03;monday improvisers session;celeste
2022-10-04;19-21h urbanize!;echoraeume
2022-10-06;free music forum: Hautzinger & Duthoit & S...;celeste
2022-10-06;Finissage: HALL (Benjamin Tomasi & Samuel ...;echoraum
2022-10-06;19-21h urbanize!;echoraeume
2022-10-07;on the couch #72 - Ackermann/Meier;studio eberhard
2022-10-07;19-21h urbanize!;echoraeume
2022-10-07;KNH-Shorts #10: Olga Kosanović;echoraeume fs2
2022-10-08;Luna Alcalay: Gedenkkonzert & Ausstellung;echoraum
2022-10-08;10-18h urbanize!;echoraeume
2022-10-08;Eric Arn / Eyal Maoz(US) album release w/ ...;celeste
2022-10-10;monday improvisers session;celeste
2022-10-11;Nachhall #3;echoraum
2022-10-12;Bertoncini/Rombolà · Hvizdalek/Lercher;echoraum
2022-10-17;monday improvisers session;celeste
2022-10-19;re_composed 2022 (Tag 1);echoraum
2022-10-19;19h30! DerBloedeDritteMittwoch#121;ateliertheater
2022-10-20;re_composed 2022 (Tag 2);echoraum
2022-10-21;re_composed 2022 (Tag 3);echoraum
2022-10-21;on the couch #73 - Hui Ye/ Alexander J. Eb...;studio eberhard
2022-10-21;moozak multichannel series #02 / elak conc...;klangtheater
2022-10-22;re_composed 2022 (Tag 4);echoraum
2022-10-22;smallforms;chateau rouge
2022-10-23;KNH-Sonntagskind #28;echoraeume fs2
2022-10-24;KNH-Darkroom #11;echoraeume fs2
2022-10-24;monday improvisers session;celeste
2022-10-25;KNH-Stories #7;echoraeume fs2
2022-10-28;Vítková · Dahl · Matbou Riahi;echoraum
2022-10-30;11:00 Studio Dan @ Wien Modern;alte schmiede
2022-10-31;monday improvisers session;celeste
2022-11-03;free music forum: ISM: Thomas & Grip & Gerbal;celeste
2022-11-05;on the couch #74 - Herbert/Herbert/Herbert;studio eberhard
2022-11-07;monday improvisers session;celeste
2022-11-11;BRAUCHEN @ Reaktor / Wien Modern (premiere...;reaktor
2022-11-12;BRAUCHEN @ Reaktor / Wien Modern – 19h30;reaktor
2022-11-14;monday improvisers session;celeste
2022-11-15;on the couch #75 - Alexanderr J. Eberhard ...;studio eberhard
2022-11-16;Chang / Hautzinger / Klement;alte schmiede
2022-11-16;22h DerBloedeDritteMittwoch#122;klangtheater
2022-11-19;smallforms;chateau rouge
2022-11-19;KNH-Shorts #11: Open Call für Musikvideos;echoraeume fs2
2022-11-19;20h Studio Session #5;westbahnstudios
2022-11-20;KNH-Sonntagskind #29: Inga Lynch + Wende P...;echoraeume fs2
2022-11-21;(MUSICAL) ETHICS LAB 3.1;odeon
2022-11-21;monday improvisers session;celeste
2022-11-22;(MUSICAL) ETHICS LAB 3.1;odeon
2022-11-25;on the couch #76 - Hell/Leibetseder/Stangl;studio eberhard
2022-11-26;The Hitchhiker’s guide to the synestheti...;reaktor
2022-11-28;monday improvisers session;celeste
2022-11-29;Marina Poleukhina: Right-left I you step a...;echoraum
2022-11-30;Marina Poleukhina: Right-left I you step a...;echoraum
2022-12-02;Christine Abdelnour & Christof Kurzmann;echoraum
2022-12-04;close| distant  - Matinee;westbahnstudios
2022-12-05;monday improvisers session;celeste
2022-12-07;billy roisz - ceci n'est pas une télévision;echoraum
2022-12-10;Nachhall #4: Daphne Oram – Tuned Visions;echoraum
2022-12-10;smallforms;chateau rouge
2022-12-10;KNH-Shorts #12 | Junges Kino;echoraeume fs2
2022-12-10;puneh ansari liest. beauchamp * geissler s...;vekks
2022-12-10;Sounds evoking images - Screening + Kutin ...;reaktor
2022-12-11;KNH-Sonntagskind #30: Bitten By + cherem e...;echoraeume fs2
2022-12-12;monday improvisers session;celeste
2022-12-12;KNH-Darkroom #12;echoraeume fs2
2022-12-13;KNH-Stories #8: Schimmel & Schein;echoraeume fs2
2022-12-15;Pneuma;echoraum
2022-12-16;on the couch #77 - Eberhard/Gross/Herbert;studio eberhard
2022-12-16;billy roisz - electric saloon;echoraum
2022-12-16;sounds of the living;ail
2022-12-19;monday improvisers session;celeste
2022-12-20;20:00 Studio Session #6;westbahnstudios
2022-12-21;19h30 der bloede dritte mittwoch #123;echoraum
2023-01-09;monday improvisers session;celeste
2023-01-14;Walshe / Lehn: Hörraum & Companion Species;echoraum
2023-01-16;monday improvisers session;celeste
2023-01-17;19h55-24h kunstradio's art's birthday 1 00...;echoraeume
2023-01-18;19h30 der bloede dritte mittwoch #124;ateliertheater
2023-01-19;"""on the couch"":  dieb13, Gross, Eberhard";studio eberhard
2023-01-20;Duo Boris Hauf / Martin Siewert;alte schmiede
2023-01-23;monday improvisers session;celeste
2023-01-30;monday improvisers session;celeste
2023-02-06;monday improvisers session;celeste
2023-02-13;monday improvisers session;celeste
2023-02-15;19h30 der bloede dritte mittwoch #125;ateliertheater
2023-02-16;on the couch #79 - Nico Couck & Thomas R. ...;studio eberhard
2023-02-16;FMF: Silvia Tarozzi & Deobrah Walker;celeste
2023-02-20;monday improvisers session;celeste
2023-02-22;[exhibition] BRDN;rhizom
2023-02-23;Bordone Ensemble;rhizom
2023-02-24;smallforms;chateau rouge
2023-02-27;monday improvisers session;celeste
2023-03-02;on the couch #80 - chesterfield (castello/...;studio eberhard
2023-03-02;FMF: Susana Santos Silva & Christof Kurzmann;celeste
2023-03-03;Klement / Profanter / Wong;echoraum
2023-03-04;Nadeshda;rhizom
2023-03-05;KNH-Sonntagskind #31 | Marta Del Grandi + ...;echoraeume fs2
2023-03-08;ACOUSMONIUM 2023 International festival of...;echoraum
2023-03-09;ACOUSMONIUM 2023 International festival of...;echoraum
2023-03-10;ACOUSMONIUM 2023 International festival of...;echoraum
2023-03-13;monday improvisers session;celeste
2023-03-15;19h30 der bloede dritte mittwoch #126;echoraum
2023-03-16;FMF: MRM Trio;celeste
2023-03-20;monday improvisers session;celeste
2023-03-23;Schnitzel ’22;echoraum
2023-03-24;smallforms;chateau rouge
2023-03-26;velak #124;chateau rouge
2023-03-27;monday improvisers session;celeste
2023-03-28;Jan Machacek: blind spot light;wuk
2023-03-29;Jan Machacek: blind spot light;wuk
2023-03-29;vis-à-vis klaus filip  & vinzenz schwab;alte schmiede
2023-03-30;Jan Machacek: blind spot light;wuk
2023-03-31;Jan Machacek: blind spot light;wuk
2023-04-03;monday improvisers session;celeste
2023-04-06;FMF: Trio John Butcher / dieb13 / Flo Stof...;celeste
2023-04-10;monday improvisers session;celeste
2023-04-15;The piano in our lives, ein Dialog;reaktor
2023-04-17;monday improvisers session;celeste
2023-04-17;KNH-Darkroom #13 | Konzert | mit Matthias ...;echoraeume fs2
2023-04-18;Buch-Club 2 | Lesung | Margit Mössmer + E...;echoraeume fs2
2023-04-18;19h30 der bloede dritte mittwoch #126 rest...;echoraeume
2023-04-19;20h30 der bloede dritte mittwoch #127;flucc
2023-04-20;velak gala #125;chateau rouge
2023-04-20;FMF: Szilárd Mezei Quartet (RS);celeste
2023-04-21;duo Schmoliner/Guionnet - duo Klement/Siewert;echoraum
2023-04-24;monday improvisers session;celeste
2023-04-25;moozak multichannel series #03 / Elak Conc...;klangtheater
2023-04-26;Milla/Cajado/Takara · Cossio/Myburgh;echoraum
2023-04-27;on the couch #81 - strings&noise;studio eberhard
2023-04-28;smallforms;chateau rouge
2023-04-30;KNH-Sonntagskind #32 | First Gig Never Hap...;echoraeume fs2
2023-05-01;monday improvisers session;celeste
2023-05-02;Castello/Voutchkova & XIPE;echoraum
2023-05-04;on the couch #82 - Mitterer/Eberhard/Gross;studio eberhard
2023-05-05;STEEL GIRLS;alte schmiede
2023-05-05;Interrupted system call ++ Gnigler/Schneider;rhiz
2023-05-06;snim feat. Dilate Ensemble – an audiovis...;echoraum
2023-05-08;monday improvisers session;celeste
2023-05-09;Vernissage Katharina Ernst: So Many Ways �...;echoraum
2023-05-11;FMF: CUT Trio Feichtmair / Resnik / Kušar...;celeste
2023-05-11;Musik unterm Mandelbaum #3;echoraum
2023-05-12;smallforms;chateau rouge
2023-05-15;monday improvisers session;celeste
2023-05-16;Lisa Spalt & die Ex-Gewichtsheberin: Auf d...;echoraum
2023-05-17;20h30 der bloede dritte mittwoch #128;flucc
2023-05-18;Salon skug;rhiz
2023-05-22;monday improvisers session;celeste
2023-05-23;Castello new release presentation;klangtheater
2023-05-24;jerome noetinger & dieb13: |  billy roisz;westbahnstudios
2023-05-25;FMF: Trio Métamaât - Bazelaire / Romary ...;celeste
2023-05-27;Huber/Winter/Hvizdalek: Open Roads;echoraum
2023-05-29;monday improvisers session;celeste
2023-05-30;XX Y X: Maria Peters & Vera Sebert;echoraum
2023-05-31;20h Studio Dan – Studio Session #7;westbahnstudios
2023-06-02;angry birds;echoraum
2023-06-02;smallforms;chateau rouge
2023-06-02;on the couch #83 - Alexander J. Eberhard/R...;studio eberhard
2023-06-03;Palme/Huang/Fairbairn · Thomas Berghammer;echoraum
2023-06-05;monday improvisers session;celeste
2023-06-07;Sophia Goidinger-Koch · strings&noise;echoraum
2023-06-12;monday improvisers session;celeste
2023-06-13;Nachhall #6 im Frau*feld: Musik & Stille;echoraum
2023-06-15;fmf: Quartet Dörner/Delius/Borghini/Grip;celeste
2023-06-15;poème électronique #50;echoraum
2023-06-15;on the couch #84 - Bogner/Eberhard/Gross;studio eberhard
2023-06-16;poème électronique #51;echoraum
2023-06-17;Duo Hofmaninger/Schwarz: Sound Collector;echoraum
2023-06-19;monday improvisers session;celeste
2023-06-20;XX Y X: Katharina Ernst – le temps;echoraum
2023-06-22;Between Feathers Vol. 1;echoraum
2023-06-22;WHY is das witzig?;flucc
2023-06-24;we:create Abschlusskonzert im Rahmen des w...;echoraum
2023-06-24;on the couch #85 - Berndt Thurner/Petra Ac...;studio eberhard
2023-06-24;KNH-Shorts #14 | Shizzle Short Film Festival;echoraeume fs2
2023-06-24;beauchamp*geissler, bentley anderson et.al...;vekks
2023-06-24;19h rausch _ abstand;echoraeume
2023-06-25;19h Studio Dan - Studio Session #8;westbahnstudios
2023-06-25;KNH-Sonntagskind #33 | Homonym + Älskling...;echoraeume fs2
2023-06-26;monday improvisers session;celeste
2023-06-28;Xenofox [Olaf Rupp & Rudi Fischerlehner];vekks
2023-07-03;monday improvisers session;celeste
2023-07-07;smallforms;chateau rouge
2023-07-10;monday improvisers session;celeste
2023-08-21;monday improvisers session;celeste
2023-08-28;monday improvisers session;celeste
2023-08-29;ABGESAGT! - La Paloma & Other Stuff;allerheiligenpark, 1200
2023-09-04;monday improvisers session;celeste
2023-09-11;monday improvisers session;celeste
2023-09-12;XX Y X: Karo Preuschl: Fragments · season...;echoraum
2023-09-16;Inspiration Nono: Konzert und Fest aus Anl...;echoraum
2023-09-18;monday improvisers session;celeste
2023-09-21;so sner, billy roisz+laszlo lenkes;echoraum
2023-09-21;on the couch #86 - Eletric Indigo;studio eberhard
2023-09-22;smallforms;chateau rouge
2023-09-22;on the couch #87 - Baumgartner/Eberhard/Gross;studio eberhard
2023-09-23;KNH-Shorts #15 | Shizzle Short Film Festival;echoraeume fs2
2023-09-23;Rudi Fischerlehner · Ilia Belorukov;echoraum
2023-09-23;PLF Album release Show;rhiz
2023-09-24;KNH-Sonntagskind #34 | Sterzinger + Trio A...;echoraeume fs2
2023-09-25;monday improvisers session;celeste
2023-09-26;Nachhall #7 im Frau*feld: Musik & Technik;echoraum
2023-09-30;Christian Schröder · Kuoppamäki & Herbst;echoraum
2023-10-02;monday improvisers session;celeste
2023-10-04;Loibner/Niggli;echoraum
2023-10-05;fmf: Pink Forest: Cosseron - Hautzinger - ...;celeste
2023-10-06;das kleine 3×2: Jorge Espinal × Bernhard...;echoraum
2023-10-09;TWIXT, Negativland;westbahnstudios
2023-10-09;monday improvisers session;celeste
2023-10-12;shut up and listen!;echoraum
2023-10-13;shut up and listen!;echoraum
2023-10-14;shut up and listen!;echoraum
2023-10-16;monday improvisers session;celeste
2023-10-17;Feuchter/Pili · Mercury;echoraum
2023-10-18;Musik unterm Mandelbaum #4;echoraum
2023-10-18;20h der bloede dritte mittwoch #131;theater am werk / petersplatz
2023-10-19;fmf: Trio Guionnet - Murayama - Filip;celeste
2023-10-20;smallforms;chateau rouge
2023-10-23;monday improvisers session;celeste
2023-10-25;suisse konklave;kunstraum ewigkeitsgasse
2023-10-26;re_composed 2023;echoraum
2023-10-27;re_composed 2023;echoraum
2023-10-27;DE/SEMBLE;reaktor
2023-10-28;re_composed 2023;echoraum
2023-10-30;monday improvisers session;celeste
2023-10-30;stefan geissler feat. philipp wesener @blu...;café stadtbahn wien
2023-11-01;Ein Fest für Werner Korn;echoraum
2023-11-05;Bitchin Bajas;rhiz
2023-11-06;monday improvisers session;celeste
2023-11-07;XX Y X: Christina Ruf · Anna K Laggner/F...;echoraum
2023-11-07;Rosilio/do Mar/Gnigler/Duit;vekks
2023-11-08;Sandy Ewen (NY, CDN) & Eric Arn, Yedda Chu...;celeste
2023-11-09;beatnik manifesto;reaktor
2023-11-09;Werckmeister · Knurrhahn (moozak 12″rel...;echoraum
2023-11-10;Portrait Günther Rabl I;klangtheater
2023-11-11;smallforms;chateau rouge
2023-11-11;Portrait Günther Rabl II;klangtheater
2023-11-13;monday improvisers session;celeste
2023-11-14;Sun Dog · Dejana Sekulić;echoraum
2023-11-16;fmf: McPhee / Gartmayer / Edwards / Portugal;celeste
2023-11-16;on the couch #88 - Mira & Sara Gregorič;studio eberhard
2023-11-20;monday improvisers session;celeste
2023-11-22;der bloede dritte mittwoch #132;theater am werk / petersplatz
2023-11-23;RADIAN (brandlmayr / norman / siewert) / J...;das werk
2023-11-24;oker · Fussy/Schwarz: Beyond the Beat;echoraum
2023-11-26;the klingt collective - estos patos locos;odeon
2023-11-27;monday improvisers session;celeste
2023-11-30;fmf: Trio Zarić - Harnik - Barrett;celeste
2023-11-30;on the couch #89 - Duthoit/Eberhard/noid-T...;studio eberhard
2023-12-01;Vernissage Inexhaustible Editions: SOUNDIN...;echoraum
2023-12-02;Hörraum #17 Laszlo Juhasz (Inexhaustible ...;echoraum
2023-12-03;NAMES ENSEMBLE + THE ANSWER IS NO;westbahnstudios
2023-12-04;monday improvisers session;celeste
2023-12-05;XX Y X: Motorherz;echoraum
2023-12-07;fmf: Duo Hanne de Backer - Signe Emmeluth;celeste
2023-12-07;Platypus: Echoes for WK;echoraum
2023-12-08;jahresendzeitschokoladenhohlkoerper;theater am werk / petersplatz
2023-12-09;jahresendzeitschokoladenhohlkoerper;theater am werk / petersplatz
2023-12-09;Circuit Fantôme 3 - Grand Finale;klangtheater
2023-12-11;monday improvisers session;celeste
2023-12-12;Nachhall#8 im Frau*feld: Musik & Geschicht...;echoraum
2023-12-14;Perspectives on Improvisation Improvisatio...;echoraum
2023-12-15;Perspectives on Improvisation Improvisatio...;echoraum
2023-12-16;smallforms;chateau rouge
2023-12-16;Perspectives on Improvisation Improvisatio...;echoraum
2023-12-16;Hautzinger/Stangl - a ship;reaktor
2023-12-16;20h online Rauschebaert;echoraeume
2023-12-18;monday improvisers session;celeste
2023-12-19;Finissage Inexhaustible Editions: SOUNDING...;echoraum
2023-12-20;der bloede dritte mittwoch #133;theater am werk / petersplatz
2023-12-21;on the couch #89 - Eberhard/Gross/Herbert;studio eberhard
2023-12-22;Werkstatt-Konzert Karolina Preuschl + Paul...;westbahnstudios
2024-01-09;XX Y X + IMAfiction: Elisabeth Schimana;echoraum
2024-01-12;Reflektierende Echos;echoraum
2024-01-15;monday improvisers session;celeste
2024-01-17;der bloede dritte mittwoch #134;echoraum
2024-01-19;on the couch #91 - Between feathers;studio eberhard
2024-01-20;TRIO NOW!;echoraum
2024-01-22;monday improvisers session;celeste
2024-01-24;Lisa Spalt & die Ex-Gewichtsheberin: Auf d...;echoraum
2024-01-24;oxymoron duet: in der mitte des lebens;alte schmiede
2024-01-25;hannes dufek: diachronic sound sculptures ...;reaktor
2024-01-26;Cornelius Cardew – Treatise;echoraum
2024-01-29;monday improvisers session;celeste
2024-01-31;Pneuma Zyklus 2024 – Episode I feat. Kar...;echoraum
2024-02-02;tütü: JUUN/Gnigler/Pollack;kunstraum ewigkeitsgasse
2024-02-05;monday improvisers session;celeste
2024-02-12;monday improvisers session;celeste
2024-02-18;Bottervogel;flucc
2024-02-19;monday improvisers session;celeste
2024-02-21;Der Blöde Dritte Mittwoch #135;theater am werk / petersplatz
2024-02-22;Circuit Fantôme prelude;althangrund für alle
2024-02-23;Circuit Fantôme prelude;althangrund für alle
2024-02-26;monday improvisers session;celeste
2024-02-29;on the couch #92 - espresso&mud;studio eberhard
2024-03-04;monday improvisers session;celeste
2024-03-09;smallforms;chateau rouge
2024-03-11;monday improvisers session;celeste
2024-03-13;LUPE - Susanna Gartmayer & Katharina Klement;alte schmiede
2024-03-13;on the couch #93 - Mitterer/Eberhard/Gross;studio eberhard
2024-03-14;fmf: Duo Dave Rempis & Tim Daisy;celeste
2024-03-14;Diego Losa – Workshop GRM Tools;mdw
2024-03-15;Velak gala #130;echoraeume
2024-03-16;Ingrid Schmoliner / Alexander Kranabetter;westbahnstudios
2024-03-16;salongarnison7: Caroline Profanter + Tamar...;salon garnison
2024-03-18;monday improvisers session;celeste
2024-03-19;XX Y X: Wechselwirkung;echoraum
2024-03-20;der bloede dritte mittwoch #136;theater am werk / petersplatz
2024-03-21;Karø Goldt: Colour & Music;echoraum
2024-03-25;monday improvisers session;celeste
2024-03-28;fmf: DEK TRIO: Vandermark - Harnik - Kern;celeste
2024-04-01;monday improvisers session;celeste
2024-04-03;Joke Lanz & Sophie Agnel;echoraum
2024-04-03;kit cut feat. Verena Repar;westbahnstudios
2024-04-05;snim – Perspektiven und Vernetzungen;echoraum
2024-04-05;Spirits in Complexity – Making kin with ...;mdw
2024-04-07;Anthropods / Beyond the Beat;rhiz
2024-04-08;monday improvisers session;celeste
2024-04-09;Angelica Castello / Hanna Schimek at XX Y X;echoraum
2024-04-11;fmf: Duo Jealousy Party: WJM Andreucci - M...;celeste
2024-04-11;on the couch #94 - Denovaire/Alexander J. ...;studio eberhard
2024-04-12;Klangmanifeste 2024: More than networks TAG I;echoraum
2024-04-13;Klangmanifeste 2024: More than networks TA...;echoraum
2024-04-14;frage & fragment;st. ruprecht (neue musik in)
2024-04-15;monday improvisers session;celeste
2024-04-15;Ka Baird / Sara Zlanabitnig;rhiz
2024-04-17;Klangmanifeste 2024: More than networks TA...;echoraum
2024-04-17;der bloede dritte mittwoch #137;theater am werk / petersplatz
2024-04-19;Klangmanifeste 2024: More than networks TA...;echoraum
2024-04-20;Studio Session;westbahnstudios
2024-04-22;monday improvisers session;celeste
2024-04-23;Musik unterm Mandelbaum#5: Kritische Theor...;echoraum
2024-04-25;fmf: Trio Tanrıkulu - Dunston - König;celeste
2024-04-25;Robert Steijn: moon/sun/kiss/earth;echoraum
2024-04-26;smallforms;chateau rouge
2024-04-29;monday improvisers session;celeste
2024-04-30;JANUS Ensemble plays Eberhard/Erhart/Kienb...;sargfabrik
2024-05-02;on the couch#95 - Eberhard/Fheodoroff;studio eberhard
2024-05-04;Kastenkonzert #47;echoraeume
2024-05-05;NAMES ENSEMBLE & PETER KUTIN & THE ANSWER ...;westbahnstudios
2024-05-06;DIWO Week 2024;echoraeume fs2
2024-05-06;monday improvisers session;celeste
2024-05-07;DIWO Week 2024;echoraeume fs2
2024-05-08;ACOUSMOINUM;echoraum
2024-05-09;fmf: Trio Castelló - Hübsch - Vrba;celeste
2024-05-09;ACOUSMOINUM;echoraum
2024-05-09;DIWO Week 2024;echoraeume fs2
2024-05-10;ACOUSMOINUM;echoraum
2024-05-10;DIWO Week 2024;echoraeume fs2
2024-05-11;DIWO Week 2024;echoraeume fs2
2024-05-13;monday improvisers session;celeste
2024-05-15;alum feather;alte schmiede
2024-05-15;der bloede dritte mittwoch #138;theater am werk / petersplatz
2024-05-17;on the couch#96- Christoph Gallio & Roger ...;studio eberhard
2024-05-18;smallforms;chateau rouge
2024-05-20;monday improvisers session;celeste
2024-05-23;fmf: Duo Sven-Åke Johansson - Joel Grip;celeste
2024-05-23;Šalter Ensemble;echoraum
2024-05-24;Modulometer;echoraum
2024-05-27;monday improvisers session;celeste
2024-05-29;Pneuma feat. Tiziana Bertoncini;echoraum
2024-05-31;Eardrum: Mark Fell und Studio Dan + Jung a...;westbahnstudios
2024-06-01;moozak multichannel series #04;semmelweisklinik
2024-06-03;monday improvisers session;celeste
2024-06-04;Nachhall #10 im Frau*feld: Musik und Zufall;echoraum
2024-06-06;fmf: NABELÓSE: I. Schmoliner & E.M. Kakal...;celeste
2024-06-07;Anverwandlungen / Ensemble Reconsil;alte schmiede
2024-06-07;Christian Reiner & Lukas Koenig / Mozo Mozo;celeste
2024-06-07;NEXUS – 20 Jahre Duo Stump-Linshalm;echoraum
2024-06-07;Releasekonzert: Arnold Burk + K.I.L.L. THE...;rhiz
2024-06-10;monday improvisers session;celeste
2024-06-11;XX Y X + IMAfiction;echoraum
2024-06-13;Innode: record release show;rhiz
2024-06-14;das kleine 3 × 2;echoraum
2024-06-14;SZENE PUTZN (Punk Rock) Platzkonzerte WUK;wuk
2024-06-15;smallforms;chateau rouge
2024-06-16;neue musik in st ruprecht jubilarium;st. ruprecht (neue musik in)
2024-06-17;monday improvisers session;celeste
2024-06-18;CILANTRO (Electronic Instant Composition) ...;wuk
2024-06-19;der bloede dritte mittwoch #139;theater am werk / petersplatz
2024-06-19;DEATHDEATHDEATH (Electronic Utopia) Platzk...;wuk
2024-06-19;Bjorgeengen/Lehn/Nakamura;alte schmiede
2024-06-20;Kommun, Štrudel, Schnitzel '23, play time!;echoraum
2024-06-20;on the couch#97 - Eberhard/Gnigler/Herbert;studio eberhard
2024-06-20;HALF DARLING (Punk Hip Hop) Platzkonzerte WUK;wuk
2024-06-21;THE ZEW (Cyborg Folk) Platzkonzerte WUK;wuk
2024-06-21;Bertoncini/Jakober/Lehn - samen;reaktor
2024-06-24;monday improvisers session;celeste
2024-06-25;EUROTEURO (Dada Pop) Platzkonzerte WUK;wuk
2024-06-25;LANparty - Safe Harbour;semmelweisklinik
2024-06-26;Finissage: hotelpupik 35 ≠ 0;echoraum
2024-06-26;MÖSTRÖM (Noise Pop) Platzkonzerte WUK;wuk
2024-06-28;BULBUL (Noise Rock) Platzkonzerte WUK;wuk
2024-07-01;monday improvisers session;celeste
2024-07-02;KINKY MUPPET (Rock n Roll Machine) Platzko...;wuk
2024-07-03;SAKURA (Singer-Songwriter) Platzkonzerte WUK;wuk
2024-07-04;MANU MAYR (Impro Jazz) Platzkonzerte WUK;wuk
2024-07-05;MILLYCENT (Mumble-Rap) Platzkonzerte WUK;wuk
2024-07-08;monday improvisers session;celeste
2024-07-15;monday improvisers session;celeste
2024-07-17;POCKET PREACHER showcase;westbahnstudios
2024-08-12;monday improvisers session;celeste
2024-08-19;monday improvisers session;celeste
2024-08-26;monday improvisers session;celeste
2024-09-02;monday improvisers session;celeste
2024-09-06;Dessi Soli Kubus Stage;arena
2024-09-09;monday improvisers session;celeste
2024-09-11;Transceiver Schallplattenpräsentation;echoraum
2024-09-11;Circuti Control 24 Dresden;echoraeume fs2
2024-09-12;Circuti Control 24 Dresden;echoraeume fs2
2024-09-13;moozak multichannel series #05;semmelweisklinik
2024-09-13;Circuti Control 24 Dresden;echoraeume fs2
2024-09-14;Circuti Control 24 Dresden;echoraeume fs2
2024-09-16;monday improvisers session;celeste
2024-09-17;[postponed]Jump! Cut.;rhizom
2024-09-19;fmf: F. Hautzinger - Z. Sőrés - K. Uchih...;celeste
2024-09-19;on the couch#98 - Berghammer/Eberhard/Kri�...;studio eberhard
2024-09-23;monday improvisers session;celeste
2024-09-23;MoE + IKURO TAKAHASHI (NOR/JAP) / PULVERIN...;flucc
2024-09-24;on the couch#99 - Ackermann/Pristašová/S...;studio eberhard
2024-09-29;cercle - Petra Ackermann & Philipp Meier;studio eberhard
2024-10-03;fmf: Project VO: Rieko Okuda & Antti Virta...;celeste
2024-10-03;Hervé Boghossian (FR) + Kasho Chualan (CA...;vekks
2024-10-05;beauchamp*geissler + kristina warren;vekks
2024-10-05;smallforms;chateau rouge
2024-10-07;monday improvisers session;celeste
2024-10-10;on the couch#100 - Markus Sepperer;studio eberhard
2024-10-11;shut up and listen! 2024 Transdisciplinary...;echoraeume
2024-10-12;shut up and listen! 2024 Transdisciplinary...;echoraeume
2024-10-14;monday improvisers session;celeste
2024-10-16;berghammer babikov moser;vekks
2024-10-16;der bloede dritte mittwoch #141;theater am werk / petersplatz
2024-10-17;fmf: Star Splitter - Rob Mazurek & Gabriel...;celeste
2024-10-18;Filip/Kobi/Malfatti/Saeki;echoraum
2024-10-20;lorenzo abattoir;vekks
2024-10-21;monday improvisers session;celeste
2024-10-22;Ensemble Schallfeld: Text im Klang #6;echoraum
2024-10-22;insomnia brass band;vekks
2024-10-25;beauchamp*geissler / hypersurface;echoraum
2024-10-28;monday improvisers session;celeste
2024-11-01;Noche de Werner;echoraum
2024-11-02;francesco pellegrino / takashi doi;vekks
2024-11-04;Raskin/Schellander/Lehn;celeste
2024-11-06;Klang//brücken;minciospace_
2024-11-07;fmf: Duo Joe McPhee - Hamid Drake;celeste
2024-11-07;Spirits in Complexity - Talks / concert;klangtheater
2024-11-08;PIANOKONKLAVE;kunstraum ewigkeitsgasse
2024-11-08;wræżlivøść / petrolio;vekks
2024-11-10;Otomo/Sachiko M/Dörner/Brandlmayr · Dans...;echoraum
2024-11-11;monday improvisers session;celeste
2024-11-12;Illusion of Safety (USA) / Dieb13 (A);rhiz
2024-11-12;XX Y X + IMAfiction Heidi Grundmann · And...;echoraum
2024-11-13;Daniel Burke (USA, Illusion of Safety), Mi...;celeste
2024-11-14;freeforms;vekks
2024-11-14;De-Semble Festival;reaktor
2024-11-15;DAILY SPECIAL ein transmediales Ausstellun...;echoraum
2024-11-15;tosa / master oogway;vekks
2024-11-15;De-Semble Festival;reaktor
2024-11-16;smallforms;chateau rouge
2024-11-16;De-Semble Festival;reaktor
2024-11-16;cercle 3 - Petra Ackermann, Philipp Meier;studio eberhard
2024-11-17;open family;alte schmiede
2024-11-18;slow slow lories  / ausgesuchtestenohren (...;vekks
2024-11-18;monday improvisers session;celeste
2024-11-20;der bloede dritte mittwoch #142;theater am werk / petersplatz
2024-11-21;on the couch#101 - Flora Geisselbrecht;studio eberhard
2024-11-22;In Residence: Jane in Ether feat. Christin...;echoraum
2024-11-22;micaela trombini / lisk janje schneider;vekks
2024-11-22;velak #133;klangtheater
2024-11-22;beauchamp*geissler @clean machine records-...;rhiz
2024-11-23;15 YRS Epileptic Media;celeste
2024-11-25;monday improvisers session;celeste
2024-11-27;Vernissage: Nevena Aleksovski Tišina;echoraum
2024-11-28;fmf: Duo Axel Dörner & Tomaž Grom;celeste
2024-11-30;alexia astreinidi-blandin & alexander babikov;vekks
2024-12-02;monday improvisers session;celeste
2024-12-03;XX Y X + IMAfiction Liesl Ujvary · Brigit...;echoraum
2024-12-05;fmf: Duo Mona Matbou Riahi - Camila Nebbia;celeste
2024-12-05;Perspectives on Improvisation;echoraum
2024-12-05;open house westbahnstudios - radian / thes...;westbahnstudios
2024-12-08;wintervaganza - matinee 11-15h;semmelweisklinik
2024-12-09;monday improvisers session;celeste
2024-12-10;Nachhall #12 im Frau*feld: Musik und Schia...;echoraum
2024-12-13;JAHRESENDZEITSCHOKOLADENHOHLKÖRPER 2024/1;theater am werk / petersplatz
2024-12-14;JAHRESENDZEITSCHOKOLADENHOHLKÖRPER 2024/2;theater am werk / petersplatz
2024-12-16;on the couch#102 - Eberhard/Gross/Herbert ...;studio eberhard
2024-12-16;monday improvisers session;celeste
2024-12-17;signalkaskaden #3;echoraum
2024-12-18;Mechanische Symphonien: Zyklen und Automaten;alte schmiede
2024-12-19;Eva Reiter & Tom Pauwels / Idylle Dramatique;sargfabrik
2024-12-20;The International Nothing;echoraum
2024-12-23;monday improvisers session;celeste
2025-01-10;Vernissage Andreas Trobollowitsch: Komponi...;echoraum
2025-01-11;25jahre.klingt.org teil 2;theater am werk / petersplatz
2025-01-13;monday improvisers session;celeste
2025-01-15;Ensemble N: … again and again …;echoraum
2025-01-15;der bloede dritte mittwoch #144;theater am werk / petersplatz
2025-01-17;Musik unterm Mandelbaum #6;echoraum
2025-01-17;HEDDA - studies in intimacy;alte schmiede
2025-01-20;monday improvisers session;celeste
2025-01-22;ICH BIN DA (Leni Plöchl: Spiel, KMET: Musik);theater am werk / kabelwerk
2025-01-23;Graewe / Kowal / Pynzenyk;echoraum
2025-01-23;Pflegestufe 4;theater am werk / petersplatz
2025-01-24;Pflegestufe 4;theater am werk / petersplatz
2025-01-25;Pflegestufe 4;theater am werk / petersplatz
2025-01-27;monday improvisers session;celeste
2025-01-28;Elisabeth Harnik & Christof Kurzmann & Jaa...;celeste
2025-01-28;Pflegestufe 4;theater am werk / petersplatz
2025-01-29;Cottbusser Chor: Arabische Zahlen/Vorahnun...;echoraum
2025-01-29;Pflegestufe 4;theater am werk / petersplatz
2025-01-31;Circuit Fantôme S5 Ep1: Jana Kluge;echoraum
2025-01-31;Pflegestufe 4;theater am werk / petersplatz
2025-02-01;SONIC POSITIONS / NEW WORKS BY ELAK STUDENTS;klangtheater
2025-02-03;monday improvisers session;celeste
2025-02-05;babikov / gartmayer / potzblitz!brak / steyer;rhiz
2025-02-10;monday improvisers session;celeste
2025-02-13;on the couch#103 - schtum. Manu Mayr/Rober...;studio eberhard
2025-02-14;My noisy, noisy valentine;schmähfabrik
2025-02-17;monday improvisers session;celeste
2025-02-18;marina poleukhina & alexander babikov;vekks
2025-02-19;der bloede dritte mittwoch #145;theater am werk / petersplatz
2025-02-20;on the couch#104 - Rina Kacinari/Orwa Saleh;studio eberhard
2025-02-22;seicht + ouls;celeste
2025-02-24;monday improvisers session;celeste
2025-02-28;vlan.radio Season Opening & Umwelt Vol 1 T...;celeste
2025-03-03;monday improvisers session;celeste
2025-03-04;Enigmatic Serenades #7;flucc
2025-03-04;Platypus: Fragil;echoraum
2025-03-05;the return of the elks tour 2025;alte schmiede
2025-03-06;fmf: Duo Sophie Agnel & Joke Lanz;celeste
2025-03-07;Vienna improvisers Orchestra;westbahnstudios
2025-03-07;Der Betrieb x echoraum #1: Kaja Farszky;echoraum
2025-03-07;«Ctrl.Z?» AbenD!!! : TETRAO TETRIX + WHY-D?;semmelweisklinik
2025-03-08;OHR AUF ZUNGE #1;minciospace_
2025-03-10;monday improvisers session;celeste
2025-03-13;ZOH AMBA'S BHAKTI TRIO W/ CHRIS CORSANO & ...;echoraum
2025-03-14;Lan Rex return recess Listening Session;westbahnstudios
2025-03-17;monday improvisers session;celeste
2025-03-17;Fischer | Edwards;vekks
2025-03-18;Judith Schwarz & Manu Mayr: PRCDR (Release...;echoraum
2025-03-19;der bloede dritte mittwoch #146;theater am werk / petersplatz
2025-03-20;on the couch#105 - Helene Glüxam;studio eberhard
2025-03-20;fmf: Trio Luis Vicente - John Edwards - Va...;celeste
2025-03-21;Homo Phaser · Mieryela;echoraum
2025-03-24;monday improvisers session;celeste
2025-03-26;Der Betrieb x echoraum #2: ETX & Dario San...;echoraum
2025-03-27;TESTAMENT Premiere M:Kmet R:Ed.Hauswirth S...;theater am werk / kabelwerk
2025-03-28;TESTAMENT M:Kmet R:Ed.Hauswirth Spiel:B.Ga...;theater am werk / kabelwerk
2025-03-28;schnitzel24, dieb13 + li-chin li;echoraum
2025-03-29;TESTAMENT M:Kmet R:Ed.Hauswirth Spiel:B.Ga...;theater am werk / kabelwerk
2025-03-31;monday improvisers session;celeste
2025-04-01;Vernissage Daniel Lercher: ( ) · punctum ...;echoraum
2025-04-01;Enigmatic Serenades #8;flucc
2025-04-02;TESTAMENT M:Kmet R:Ed.Hauswirth Spiel:B.Ga...;theater am werk / kabelwerk
2025-04-03;TESTAMENT M:Kmet R:Ed.Hauswirth Spiel:B.Ga...;theater am werk / kabelwerk
2025-04-03;fmf: XENOFOX Olaf Rupp - Rudi Fischerlehner;celeste
2025-04-04;TESTAMENT M:Kmet R:Ed.Hauswirth Spiel:B.Ga...;theater am werk / kabelwerk
2025-04-04;alexander babikov & michael moser;echoraum
2025-04-05;snimDisco – Jam Session – contemporary...;semmelweisklinik
2025-04-05;TESTAMENT M:Kmet R:Ed.Hauswirth Spiel:B.Ga...;theater am werk / kabelwerk
2025-04-07;monday improvisers session;celeste
2025-04-10;on the couch #105 - Susanna Gartmayer & Ir...;studio eberhard
2025-04-10;velak#135;echoraum
2025-04-11;Die Ballonmädchen;vekks
2025-04-12;Nachhall #13: Good Morning Jazzwomen;echoraum
2025-04-14;monday improvisers session;celeste
2025-04-16;Roger and the pacemaker (s.murayama);vekks
2025-04-17;fmf: Duo Katharina Klement - Christian Wol...;celeste
2025-04-21;monday improvisers session;celeste
2025-04-23;der bloede dritte mittwoch #147;echoraum
2025-04-24;Disturbio (Noetinger/Castello) & Kasho Chu...;7stern
2025-04-25;moozak multichannel series #06;semmelweisklinik
2025-04-25;Pareidolia (Liz Allbee & Marta Zapparoli) ...;echoraum
2025-04-26;smallforms;chateau rouge
2025-04-28;monday improvisers session;celeste
2025-04-29;XX Y X + IMA: Beatriz Ferreyra · Marta Be...;echoraum
2025-04-29;ALLE LUST feat. other:M:other (Premiere);theater am werk / kabelwerk
2025-04-30;ALLE LUST feat. other:M:other;theater am werk / kabelwerk
2025-05-02;Ohr Auf Zunge #2;minciospace_
2025-05-05;monday improvisers session;celeste
2025-05-06;Enigmatic Serenades #9;flucc
2025-05-07;Alle Lust feat. other:M:other;theater am werk / kabelwerk
2025-05-07;Mivos Quartett: Memories · Eva Reiter & T...;echoraum
2025-05-08;fmf: Duo Carla Boregas - Mauricio Takara;celeste
2025-05-08;herbert lacina & alexander babikov;kunstraum ewigkeitsgasse
2025-05-08;on the couch #106 - Helene Glüxam;studio eberhard
2025-05-08;Alle Lust feat. other:M:other;theater am werk / kabelwerk
2025-05-09;Alle Lust feat. other:M:other;theater am werk / kabelwerk
2025-05-10;Alle Lust feat. other:M:other;theater am werk / kabelwerk
2025-05-10;smallforms;chateau rouge
2025-05-12;monday improvisers session;celeste
2025-05-13;Einsame Ameisen Amnesie. Ein Klangcomic fr...;gemeindezentrum st. ruprecht
2025-05-13;erfoeffnung: Jump! Cut.;rhizom
2025-05-14;Alle Lust feat. other:M:other;theater am werk / kabelwerk
2025-05-15;Alle Lust feat. other:M:other (Derniere);theater am werk / kabelwerk
2025-05-15;ACOUSMOINUM;echoraum
2025-05-16;ACOUSMOINUM;echoraum
2025-05-16;WOW Signal! Festival TAG 1;semmelweisklinik
2025-05-17;snImpro Sessions #13 - Frühlingsausgabe;vekks
2025-05-17;ACOUSMOINUM;echoraum
2025-05-17;WOW Signal! Festival TAG 2;semmelweisklinik
2025-05-18;Finissage und Konzert: Jump! Cut.;rhizom
2025-05-19;monday improvisers session PARTY;celeste
2025-05-21;der bloede dritte mittwoch #148;theater am werk / petersplatz
2025-05-22;on the couch #107 - Eberhard/Gross/Mitterer;studio eberhard
2025-05-23;beauchamp*geissler / bö.senberg / håla d...;das lot
2025-05-23;20h - studio session #11;westbahnstudios
2025-05-26;monday improvisers session;celeste
2025-05-28;Audrey Chen / Philipp Eden / Joaquin Ortega;vekks
2025-05-29;fmf: McPhee - Gartmayer - Edwards - Portugal;celeste
2025-06-03;Enigmatic Serenades #10;flucc
2025-06-06;smallforms;chateau rouge
2025-06-06;VENTIL RECORDS = 10;flucc
2025-06-07;Noid, Uygur Vural, Yoram Rosilio, Vanessa ...;vekks
2025-06-12;Electric Delights / Matmos;flucc
2025-06-14;Anna Sophia Defant - s:e (pre release show...;westbahnstudios
2025-06-16;monday improvisers session;celeste
2025-06-18;der bloede dritte mittwoch #149;semmelweisklinik
2025-06-20;moozak multichannel series #07;semmelweisklinik
2025-06-23;monday improvisers session;celeste
2025-06-25;alexander babikov / pavel zlamal / beat ke...;semmelweisklinik
2025-06-26;on the couch #108 - Vienna Reed Quintet;studio eberhard
2025-06-26;Edith Steyer (Berlin) & Nina Polaschegg (W...;vekks
2025-06-30;monday improvisers session;celeste
2025-07-07;monday improvisers session;celeste
2025-07-14;monday improvisers session;celeste
2025-08-11;monday improvisers session;celeste
2025-08-12;SCHAPKA Platzkonzerte WUK;wuk
2025-08-13;DIDI KERN & PHILIP QUEHENBERGER Platzkonze...;wuk
2025-08-14;KMT Platzkonzerte WUK;wuk
2025-08-15;CHRISTL Platzkonzerte WUK;wuk
2025-08-18;monday improvisers session;celeste
2025-08-19;KASHO CHUALAN Platzkonzerte WUK;wuk
2025-08-20;NENDA Platzkonzerte WUK;wuk
2025-08-21;F.E.I.D.L. Platzkonzerte WUK;wuk
2025-08-22;LAN REX Platzkonzerte WUK;wuk
2025-08-25;monday improvisers session;celeste
2025-08-26;MEKONGG;wuk
2025-08-27;WILLI LANDL & MICHAEL HORNEK Platzkonzerte...;wuk
2025-08-28;GEBENEDEIT Platzkonzerte WUK;wuk
2025-08-29;JOPA DIE SEHR GUTE BAND Platzkonzerte WUK;wuk
2025-09-01;monday improvisers session;celeste
2025-09-03;Temporäre Objekte und Mika Bankomat;arena
2025-09-04;offlinerauschen;echoraeume
2025-09-08;monday improvisers session;celeste
2025-09-12;Vernissage Stephanie Geiger / Vinzenz Schw...;echoraum
2025-09-13;Celeste Session 20Jahres Fest;celeste
2025-09-13;velak gala #138;westbahnstudios
2025-09-15;monday improvisers session;celeste
2025-09-18;Maria Bertel · Efsun / افسون;echoraum
2025-09-20;on the couch #109 -  Eberhard/Gross/Herbert;studio eberhard
2025-09-20;smallforms;chateau rouge
2025-09-22;monday improvisers session;celeste
2025-09-23;das kleine 3 × 2;echoraum
2025-09-25;Schallschatten · Roger and the Pacemaker;echoraum
2025-09-25;fmf: DUO Martin Siewert - Vinicius Cajado;celeste
2025-09-25;DuChamp(DE), Veronika Mayer/Eric Arn, Mlon...;vekks
2025-09-29;monday improvisers session;celeste
2025-09-30;Dimitra Kousteridou & Miriam den Boer-Salm...;echoraum
2025-10-01;A.I.R SHOWCASE VI. – IVAR ROBAN KRIŽIĆ...;westbahnstudios
2025-10-04;Nachhall #15: Magnetbanduntergrund Ost;echoraum
2025-10-06;monday improvisers session;celeste
2025-10-07;Berlinde Deman · Jorge Espinal;echoraum
2025-10-09;Alister Spence & Tony Buck;echoraum
2025-10-09;fmf: TRIO Falb - Satzinger - Holub;celeste
2025-10-09;on the couch #110 -  Eberhard/Gross/Kienbe...;studio eberhard
2025-10-10;smallforms;chateau rouge
2025-10-13;monday improvisers session;celeste
2025-10-16;shut up and listen! 2025: PAST_20 → NEXT...;echoraum
2025-10-16;UnExpEctEd #3;semmelweisklinik
2025-10-17;Chris Cutler & Tim Hodgkinson (of Henry Co...;celeste
2025-10-17;shut up and listen! 2025: PAST_20 → NEXT...;echoraum
2025-10-18;shut up and listen! 2025: PAST_20 → NEXT...;echoraum
2025-10-20;monday improvisers session;celeste
2025-10-21;XX Y X: Cordula Daus: Sehr & Nina Bauer: N...;echoraum
2025-10-23;fmf: In memory of Tristan Honsinger;celeste
2025-10-24;Isidora Edwards & Vinicius Cajado · Dutho...;echoraum
2025-10-24;gekko Opening: Day 1;gekko
2025-10-25;gekko Opening: Day 2;gekko
2025-10-26;valentin duit + alexander babikov;vekks
2025-10-27;monday improvisers session;celeste
2025-10-28;The Magic I.D.;echoraum
2025-10-29;ppooll convention - workshops day 1;klangtheater
2025-10-30;Neue Töne by Impro4;celeste
2025-10-30;ppooll convention - concerts;klangtheater
2025-10-30;ppooll convention - workshops day 2;mdw
2025-10-31;noche de Werner 25;echoraum
2025-11-01;smallforms;chateau rouge
2025-11-03;monday improvisers session;celeste
2025-11-05;Anna Sophia Defant - s:e;celeste
2025-11-08;velak gala #140;gekko
2025-11-10;monday improvisers session;celeste
2025-11-11;Janus Ensemble - Cech/Eberhard/Eder/Heher/...;sargfabrik
2025-11-13;fmf: LACY's POETRY Pisarović - Kaučič -...;celeste
2025-11-14;Billy Roisz : Lunar Dust concert & film pr...;loop festival & symposium
2025-11-15;A.I.R SHOWCASE VII.;westbahnstudios
2025-11-17;monday improvisers session;celeste
2025-11-20;fmf: ROUGE Duthoit - Lebrat - Oshima;celeste
2025-11-21;on the couch #111 -  Doblinger/Eberhard/Gross;studio eberhard
2025-11-21;Der Blöde Dritte Mittwoch#152 Ausstellung...;reaktor
2025-11-22;CHAOUM Klement / Duthoit / Maier  installa...;wuk
2025-11-23;CHAOUM Klement / Duthoit / Maier  installa...;wuk
2025-11-23;dislocation @ wien modern;theater am werk / kabelwerk
2025-11-24;monday improvisers session;celeste
2025-11-24;dislocation @ wien modern;theater am werk / kabelwerk
2025-11-25;HOUSE OF WORDS. M: KMET/Todorovksi/Prozorov;theater am werk / petersplatz
2025-11-26;Der Blöde Dritte Mittwoch#152 live perfor...;reaktor
2025-11-26;Kollektiv Siedl/Cao & Stefan Voglsinger;alte schmiede
2025-11-27;HOUSE OF WORDS. M: KMET/Todorovksi/Prozorov;theater am werk / petersplatz
2025-11-27;ensemble]h[iatus - use/less manual - Wien ...;reaktor
2025-11-28;HOUSE OF WORDS. M: KMET/Todorovksi/Prozorov;theater am werk / petersplatz
2025-11-29;Der Blöde Dritte Mittwoch#152 Ausstellung...;reaktor
2025-12-01;monday improvisers session;celeste
2025-12-03;Klangmanifeste Tag 1;echoraum
2025-12-04;the final rauschdown: the very best of 5 j...;semmelweisklinik
2025-12-05;Klangmanifeste Tag 2;echoraum
2025-12-05;velak #141;chateau rouge
2025-12-05;"beauchamp*geissler/""2_22__2222____"" album ...";celeste
2025-12-06;smallforms;chateau rouge
2025-12-07;Teresa Rotschopf with Alex Kranabetter and...;westbahnstudios
2025-12-08;monday improvisers session;celeste
2025-12-10;Klangmanifeste Tag 3;echoraum
2025-12-10;Epileptic Media Release Night @ Koje;koje
2025-12-11;fmf: TRIO Mezei - Harnik - Cleaver;celeste
2025-12-12;Klangmanifeste Tag 4;echoraum
2025-12-13;Ohr auf Zunge;minciospace_
2025-12-15;monday improvisers session;celeste
2025-12-17;DerBlödeDritteMittwoch#153;theater am werk / petersplatz
2025-12-18;on the couch #112 -  Bogner/Eberhard/Gross/;studio eberhard
2025-12-19;snimDisco #2;semmelweisklinik
2025-12-19;VIO & DITG;westbahnstudios
2025-12-22;monday improvisers session;celeste
2026-01-09;Phenomenal World · Vernissage Chris Janka...;echoraum
2026-01-11;alexander babikov + burkhard stangl;koje
2026-01-12;monday improvisers session;celeste
2026-01-15;Trio Paidia: phönix;echoraum
2026-01-17;L’Oriole · Bennardo / Svensson / Nillesen;echoraum
2026-01-17;Jukka Kääriäinen, Richie Herbst & Micha...;vekks
2026-01-17;leo riegler public recording session;westbahnstudios
2026-01-19;monday improvisers session;celeste
2026-01-21;Daily Special #02;echoraum
2026-01-21;DerBlödeDritteMittwoch#154;theater am werk / petersplatz
2026-01-22;a.i.r. showcase viii: babikov.lercher.moser;westbahnstudios
2026-01-23;bimm [BAMM];echoraum
2026-01-26;monday improvisers session;celeste
2026-01-27;XX Y X: Mysterious Signals;echoraum
2026-01-28;Sargfabrik experimentell I / kuratiert von...;sargfabrik
2026-01-28;on the couch #113 -  Samuel Toro Perez solo;studio eberhard
2026-01-29;Between Feathers – kafka-esc: Existentia...;echoraum
2026-01-29;Sargfabrik experimentell II / kuratiert vo...;sargfabrik
2026-01-31;26jahre.klingt.org;theater am werk / petersplatz
2026-02-08;Knopfwissen 5;koje
2026-02-08;Resnik (SI) /J. Drašler (SI) /V. Drašler...;vekks
2026-02-13;cosmopolitan improvising an der wien;celeste
2026-02-19;on the couch #114 -  Manuel Alcaraz Clemente;studio eberhard
2026-02-23;monday improvisers session;celeste
2026-03-02;monday improvisers session;celeste
2026-03-05;free music forum: Camila Nebbia Doppelkonz...;celeste
2026-03-06;Ohr auf Zunge #4;minciospace_
2026-03-06;Vernissage: CD die Treppe hinabsteigend;echoraum
2026-03-06;alexander babikov + kenji herbert;vekks
2026-03-09;monday improvisers session;celeste
2026-03-11;Playtypus Ensemble: Eine kleine Nacht Luciers;echoraum
2026-03-13;Nachhall #16: Every Song Ever I;echoraum
2026-03-14;smallforms;chateau rouge
2026-03-16;monday improvisers session;celeste
2026-03-17;tangent mek · Berz / Chualan / Voglsinger;echoraum
2026-03-17;OUU!D @ Koje;koje
2026-03-18;Totem Series / Gabriela Gordillo & Miriam ...;koje
2026-03-18;Der blöde Dritte Mittwoch #156;theater am werk / petersplatz
2026-03-19;on the couch #115 - Eberhard/Gross/Mitterer;studio eberhard
2026-03-19;Giusto Chamber Orchestra: Under Changed Co...;echoraum
2026-03-21;velak gala #142 Maria Bertel, Jean-Philipp...;1bm
2026-03-23;monday improvisers session;celeste
2026-03-24;ctrl z #2;semmelweisklinik
2026-03-25;Tetrao Tetrix · REVOLE;echoraum
2026-03-25;Erdbeerfröschesoirée #32;semmelweisklinik
2026-03-26;free music forum: TRIO Nørstebø - Noid -...;celeste
2026-03-27;Alony/ Zeiner · kit cut;echoraum
2026-03-30;monday improvisers session;celeste
2026-04-02;Totem Series / Matthias Muche, Jérôme No...;koje
2026-04-04;Post Covid Society – chapter five: (s)pa...;westbahnstudios
2026-04-06;monday improvisers session;celeste
2026-04-09;pianobar reloaded I;echoraum
2026-04-09;free music forum: DUO Alexander v. Schlipp...;celeste
2026-04-09;FreeForms;vekks
2026-04-09;Das Erwachen – Liederzyklus für gemisch...;st. ruprecht (neue musik in)
2026-04-10;pianobar reloaded II;echoraum
2026-04-11;Teresa Riemann / Wojciech Kwapisiński;vekks
2026-04-13;monday improvisers session;celeste
2026-04-13;Mathieu Sylvestre & Nina Jukić at Koje;koje
2026-04-17;Yii · Tomaš Grom;echoraum
2026-04-17;duo L'atome album release concert;alte schmiede
2026-04-17;Gisela Horat Trio / Ytterlandet;vekks
2026-04-18;smallforms;chateau rouge
2026-04-19;snImpro sessions #14 – spring edition;vekks
2026-04-19;Matthias Muche – Bonecrusher;westbahnstudios
2026-04-20;monday improvisers session;celeste
2026-04-21;Der blöde Dritte Mittwoch #157;echoraum
2026-04-22;on the couch #116 - Susanne Paul/Héloise ...;studio eberhard
2026-04-22;Angelina Ertel & Tahereh Nourani;koje
2026-04-23;on the couch #117 - Release Eberhard/Gross...;studio eberhard
2026-04-23;free music forum: TRIO K. Chualan - K. Her...;celeste
2026-04-23;what's up vienna | what's up montreal - 20h;echoraum
2026-04-23;Elektro Guzzi Open Studio;westbahnstudios
2026-04-24;what's up vienna | what's up montreal - 20h;echoraum
2026-04-25;A.I.R. SHOWCASE IX: Matthias Muche – Tro...;westbahnstudios
2026-04-25;Jarret & Johansson & von Martens // David...;vekks
2026-04-26;burkhard stangl ensemble;koje
2026-04-27;monday improvisers session;celeste
2026-04-28;XX Y X: KOMPLIZINNEN;echoraum
2026-04-29;Nina Polaschegg & Bruno Strobl // Tomaž G...;vekks
2026-04-30;Sawt out;echoraum
2026-04-30;"Vienna improvisers Orchestra – ""reflecti...";semmelweisklinik
2026-04-30;BatterieStand Niedrig Tape Release at Koje;koje
2026-05-02;smallforms;chateau rouge
2026-05-04;monday improvisers session;celeste
2026-05-06;Suena Festival: ARGO-Kollektiv;echoraum
2026-05-07;free music forum: TRIO Grencsó - Hock - M...;celeste
2026-05-08;Dafeldecker / Davies · Pultz-Melbye;echoraum
2026-05-08;ensemble N / suena festival;alte schmiede
2026-05-09;NAMES Ensemble /suena festival;westbahnstudios
2026-05-11;monday improvisers session;celeste
2026-05-12;TESTAMENT M:Kmet R:Ed.Hauswirth Spiel:B.Ga...;theater am werk / kabelwerk
2026-05-12;MAMKA RECORDS Label Night #01/2026;echoraum
2026-05-13;TESTAMENT M:Kmet R:Ed.Hauswirth Spiel:B.Ga...;theater am werk / kabelwerk
2026-05-15;julius eastman project;reaktor
2026-05-15;La Ondou · Poleukhina & Spalt;echoraum
2026-05-16;Totem Series / Isabelle Duthoit & Gunda Go...;koje
2026-05-18;monday improvisers session;celeste
2026-05-19;Beam Splitter;echoraum
2026-05-22;Nachhall #17: Every Song Ever II;echoraum
2026-05-25;monday improvisers session;celeste
2026-05-28;ACOUSMOINUM;echoraum
2026-05-29;ACOUSMOINUM;echoraum
2026-05-30;ACOUSMOINUM;echoraum
2026-06-02;Poème électronique #73;echoraum
2026-06-03;Modulometer;echoraum
2026-06-09;das kleine 3×2;echoraum
2026-06-11;Ablinger: Against Nature / Instrument & Vo...;echoraum
2026-06-11;noo0oorchestra;semmelweisklinik
2026-06-13;Elliott Sharp (USA) / Club Okkult (A);celeste
2026-06-16;schnitzel '25, dieb13 solo, fugu and the c...;echoraum
2026-06-18;Khorkhordina & Wong · Drašler/Gnigler/Pu...;echoraum
2026-06-23;The Handover · Luciana Rizzo;echoraum
2026-06-26;moozak multichannel series #08;semmelweisklinik
2026-06-26;Rapid Zen · STANZER:MOODY;echoraum
2026-09-17;Totem Series / Félicie Bazelaire;koje
